model,n,accuracy,macro_f1,weighted_f1,macro_precision,macro_recall
gpt-4.1_old_prompt,10629,0.3981559883338037,0.31475201878050096,0.34651896072142674,0.28899845815675473,0.38848016033142796
